gvkey,datadate,fyear,indfmt,consol,popsrc,datafmt,tic,conm,curcd,fyr,cik,costat
1078,20161231,2016,INDL,C,D,STD,ABT,ABBOTT LABORATORIES,USD,12,1800,A
1078,20171231,2017,INDL,C,D,STD,ABT,ABBOTT LABORATORIES,USD,12,1800,A
1078,20181231,2018,INDL,C,D,STD,ABT,ABBOTT LABORATORIES,USD,12,1800,A
1078,20191231,2019,INDL,C,D,STD,ABT,ABBOTT LABORATORIES,USD,12,1800,A
1078,20201231,2020,INDL,C,D,STD,ABT,ABBOTT LABORATORIES,USD,12,1800,A
1078,20211231,2021,INDL,C,D,STD,ABT,ABBOTT LABORATORIES,USD,12,1800,A
1300,20161231,2016,INDL,C,D,STD,HON,HONEYWELL INTERNATIONAL INC,USD,12,773840,A
1300,20171231,2017,INDL,C,D,STD,HON,HONEYWELL INTERNATIONAL INC,USD,12,773840,A
1300,20181231,2018,INDL,C,D,STD,HON,HONEYWELL INTERNATIONAL INC,USD,12,773840,A
1300,20191231,2019,INDL,C,D,STD,HON,HONEYWELL INTERNATIONAL INC,USD,12,773840,A
1300,20201231,2020,INDL,C,D,STD,HON,HONEYWELL INTERNATIONAL INC,USD,12,773840,A
1300,20211231,2021,INDL,C,D,STD,HON,HONEYWELL INTERNATIONAL INC,USD,12,773840,A
1447,20161231,2016,FS,C,D,STD,AXP,AMERICAN EXPRESS CO,USD,12,4962,A
1447,20161231,2016,INDL,C,D,STD,AXP,AMERICAN EXPRESS CO,USD,12,4962,A
1447,20171231,2017,FS,C,D,STD,AXP,AMERICAN EXPRESS CO,USD,12,4962,A
1447,20171231,2017,INDL,C,D,STD,AXP,AMERICAN EXPRESS CO,USD,12,4962,A
1447,20181231,2018,FS,C,D,STD,AXP,AMERICAN EXPRESS CO,USD,12,4962,A
1447,20181231,2018,INDL,C,D,STD,AXP,AMERICAN EXPRESS CO,USD,12,4962,A
1447,20191231,2019,FS,C,D,STD,AXP,AMERICAN EXPRESS CO,USD,12,4962,A
1447,20191231,2019,INDL,C,D,STD,AXP,AMERICAN EXPRESS CO,USD,12,4962,A
1447,20201231,2020,FS,C,D,STD,AXP,AMERICAN EXPRESS CO,USD,12,4962,A
1447,20201231,2020,INDL,C,D,STD,AXP,AMERICAN EXPRESS CO,USD,12,4962,A
1447,20211231,2021,FS,C,D,STD,AXP,AMERICAN EXPRESS CO,USD,12,4962,A
1447,20211231,2021,INDL,C,D,STD,AXP,AMERICAN EXPRESS CO,USD,12,4962,A
1487,20161231,2016,FS,C,D,STD,AIG,AMERICAN INTERNATIONAL GROUP,USD,12,5272,A
1487,20161231,2016,INDL,C,D,STD,AIG,AMERICAN INTERNATIONAL GROUP,USD,12,5272,A
1487,20171231,2017,FS,C,D,STD,AIG,AMERICAN INTERNATIONAL GROUP,USD,12,5272,A
1487,20171231,2017,INDL,C,D,STD,AIG,AMERICAN INTERNATIONAL GROUP,USD,12,5272,A
1487,20181231,2018,FS,C,D,STD,AIG,AMERICAN INTERNATIONAL GROUP,USD,12,5272,A
1487,20181231,2018,INDL,C,D,STD,AIG,AMERICAN INTERNATIONAL GROUP,USD,12,5272,A
1487,20191231,2019,FS,C,D,STD,AIG,AMERICAN INTERNATIONAL GROUP,USD,12,5272,A
1487,20191231,2019,INDL,C,D,STD,AIG,AMERICAN INTERNATIONAL GROUP,USD,12,5272,A
1487,20201231,2020,FS,C,D,STD,AIG,AMERICAN INTERNATIONAL GROUP,USD,12,5272,A
1487,20201231,2020,INDL,C,D,STD,AIG,AMERICAN INTERNATIONAL GROUP,USD,12,5272,A
1487,20211231,2021,FS,C,D,STD,AIG,AMERICAN INTERNATIONAL GROUP,USD,12,5272,A
1487,20211231,2021,INDL,C,D,STD,AIG,AMERICAN INTERNATIONAL GROUP,USD,12,5272,A
1602,20161231,2016,INDL,C,D,STD,AMGN,AMGEN INC,USD,12,318154,A
1602,20171231,2017,INDL,C,D,STD,AMGN,AMGEN INC,USD,12,318154,A
1602,20181231,2018,INDL,C,D,STD,AMGN,AMGEN INC,USD,12,318154,A
1602,20191231,2019,INDL,C,D,STD,AMGN,AMGEN INC,USD,12,318154,A
1602,20201231,2020,INDL,C,D,STD,AMGN,AMGEN INC,USD,12,318154,A
1602,20211231,2021,INDL,C,D,STD,AMGN,AMGEN INC,USD,12,318154,A
1690,20160930,2016,INDL,C,D,STD,AAPL,APPLE INC,USD,9,320193,A
1690,20170930,2017,INDL,C,D,STD,AAPL,APPLE INC,USD,9,320193,A
1690,20180930,2018,INDL,C,D,STD,AAPL,APPLE INC,USD,9,320193,A
1690,20190930,2019,INDL,C,D,STD,AAPL,APPLE INC,USD,9,320193,A
1690,20200930,2020,INDL,C,D,STD,AAPL,APPLE INC,USD,9,320193,A
1690,20210930,2021,INDL,C,D,STD,AAPL,APPLE INC,USD,9,320193,A
1690,20220930,2022,INDL,C,D,STD,AAPL,APPLE INC,USD,9,320193,A
2019,20161231,2016,FS,C,D,STD,BK,BANK OF NEW YORK MELLON CORP,USD,12,1390777,A
2019,20161231,2016,INDL,C,D,STD,BK,BANK OF NEW YORK MELLON CORP,USD,12,1390777,A
2019,20171231,2017,FS,C,D,STD,BK,BANK OF NEW YORK MELLON CORP,USD,12,1390777,A
2019,20171231,2017,INDL,C,D,STD,BK,BANK OF NEW YORK MELLON CORP,USD,12,1390777,A
2019,20181231,2018,FS,C,D,STD,BK,BANK OF NEW YORK MELLON CORP,USD,12,1390777,A
2019,20181231,2018,INDL,C,D,STD,BK,BANK OF NEW YORK MELLON CORP,USD,12,1390777,A
2019,20191231,2019,FS,C,D,STD,BK,BANK OF NEW YORK MELLON CORP,USD,12,1390777,A
2019,20191231,2019,INDL,C,D,STD,BK,BANK OF NEW YORK MELLON CORP,USD,12,1390777,A
2019,20201231,2020,FS,C,D,STD,BK,BANK OF NEW YORK MELLON CORP,USD,12,1390777,A
2019,20201231,2020,INDL,C,D,STD,BK,BANK OF NEW YORK MELLON CORP,USD,12,1390777,A
2019,20211231,2021,FS,C,D,STD,BK,BANK OF NEW YORK MELLON CORP,USD,12,1390777,A
2019,20211231,2021,INDL,C,D,STD,BK,BANK OF NEW YORK MELLON CORP,USD,12,1390777,A
2136,20161231,2016,INDL,C,D,STD,VZ,VERIZON COMMUNICATIONS INC,USD,12,732712,A
2136,20171231,2017,INDL,C,D,STD,VZ,VERIZON COMMUNICATIONS INC,USD,12,732712,A
2136,20181231,2018,INDL,C,D,STD,VZ,VERIZON COMMUNICATIONS INC,USD,12,732712,A
2136,20191231,2019,INDL,C,D,STD,VZ,VERIZON COMMUNICATIONS INC,USD,12,732712,A
2136,20201231,2020,INDL,C,D,STD,VZ,VERIZON COMMUNICATIONS INC,USD,12,732712,A
2136,20211231,2021,INDL,C,D,STD,VZ,VERIZON COMMUNICATIONS INC,USD,12,732712,A
2285,20161231,2016,INDL,C,D,STD,BA,BOEING CO,USD,12,12927,A
2285,20171231,2017,INDL,C,D,STD,BA,BOEING CO,USD,12,12927,A
2285,20181231,2018,INDL,C,D,STD,BA,BOEING CO,USD,12,12927,A
2285,20191231,2019,INDL,C,D,STD,BA,BOEING CO,USD,12,12927,A
2285,20201231,2020,INDL,C,D,STD,BA,BOEING CO,USD,12,12927,A
2285,20211231,2021,INDL,C,D,STD,BA,BOEING CO,USD,12,12927,A
2403,20161231,2016,INDL,C,D,STD,BMY,BRISTOL-MYERS SQUIBB CO,USD,12,14272,A
2403,20171231,2017,INDL,C,D,STD,BMY,BRISTOL-MYERS SQUIBB CO,USD,12,14272,A
2403,20181231,2018,INDL,C,D,STD,BMY,BRISTOL-MYERS SQUIBB CO,USD,12,14272,A
2403,20191231,2019,INDL,C,D,STD,BMY,BRISTOL-MYERS SQUIBB CO,USD,12,14272,A
2403,20201231,2020,INDL,C,D,STD,BMY,BRISTOL-MYERS SQUIBB CO,USD,12,14272,A
2403,20211231,2021,INDL,C,D,STD,BMY,BRISTOL-MYERS SQUIBB CO,USD,12,14272,A
2817,20161231,2016,INDL,C,D,STD,CAT,CATERPILLAR INC,USD,12,18230,A
2817,20171231,2017,INDL,C,D,STD,CAT,CATERPILLAR INC,USD,12,18230,A
2817,20181231,2018,INDL,C,D,STD,CAT,CATERPILLAR INC,USD,12,18230,A
2817,20191231,2019,INDL,C,D,STD,CAT,CATERPILLAR INC,USD,12,18230,A
2817,20201231,2020,INDL,C,D,STD,CAT,CATERPILLAR INC,USD,12,18230,A
2817,20211231,2021,INDL,C,D,STD,CAT,CATERPILLAR INC,USD,12,18230,A
2968,20161231,2016,FS,C,D,STD,JPM,JPMORGAN CHASE & CO,USD,12,19617,A
2968,20161231,2016,INDL,C,D,STD,JPM,JPMORGAN CHASE & CO,USD,12,19617,A
2968,20171231,2017,FS,C,D,STD,JPM,JPMORGAN CHASE & CO,USD,12,19617,A
2968,20171231,2017,INDL,C,D,STD,JPM,JPMORGAN CHASE & CO,USD,12,19617,A
2968,20181231,2018,FS,C,D,STD,JPM,JPMORGAN CHASE & CO,USD,12,19617,A
2968,20181231,2018,INDL,C,D,STD,JPM,JPMORGAN CHASE & CO,USD,12,19617,A
2968,20191231,2019,FS,C,D,STD,JPM,JPMORGAN CHASE & CO,USD,12,19617,A
2968,20191231,2019,INDL,C,D,STD,JPM,JPMORGAN CHASE & CO,USD,12,19617,A
2968,20201231,2020,FS,C,D,STD,JPM,JPMORGAN CHASE & CO,USD,12,19617,A
2968,20201231,2020,INDL,C,D,STD,JPM,JPMORGAN CHASE & CO,USD,12,19617,A
2968,20211231,2021,FS,C,D,STD,JPM,JPMORGAN CHASE & CO,USD,12,19617,A
2968,20211231,2021,INDL,C,D,STD,JPM,JPMORGAN CHASE & CO,USD,12,19617,A
2991,20161231,2016,INDL,C,D,STD,CVX,CHEVRON CORP,USD,12,93410,A
2991,20171231,2017,INDL,C,D,STD,CVX,CHEVRON CORP,USD,12,93410,A
2991,20181231,2018,INDL,C,D,STD,CVX,CHEVRON CORP,USD,12,93410,A
2991,20191231,2019,INDL,C,D,STD,CVX,CHEVRON CORP,USD,12,93410,A
2991,20201231,2020,INDL,C,D,STD,CVX,CHEVRON CORP,USD,12,93410,A
2991,20211231,2021,INDL,C,D,STD,CVX,CHEVRON CORP,USD,12,93410,A
3144,20161231,2016,INDL,C,D,STD,KO,COCA-COLA CO,USD,12,21344,A
3144,20171231,2017,INDL,C,D,STD,KO,COCA-COLA CO,USD,12,21344,A
3144,20181231,2018,INDL,C,D,STD,KO,COCA-COLA CO,USD,12,21344,A
3144,20191231,2019,INDL,C,D,STD,KO,COCA-COLA CO,USD,12,21344,A
3144,20201231,2020,INDL,C,D,STD,KO,COCA-COLA CO,USD,12,21344,A
3144,20211231,2021,INDL,C,D,STD,KO,COCA-COLA CO,USD,12,21344,A
3170,20161231,2016,INDL,C,D,STD,CL,COLGATE-PALMOLIVE CO,USD,12,21665,A
3170,20171231,2017,INDL,C,D,STD,CL,COLGATE-PALMOLIVE CO,USD,12,21665,A
3170,20181231,2018,INDL,C,D,STD,CL,COLGATE-PALMOLIVE CO,USD,12,21665,A
3170,20191231,2019,INDL,C,D,STD,CL,COLGATE-PALMOLIVE CO,USD,12,21665,A
3170,20201231,2020,INDL,C,D,STD,CL,COLGATE-PALMOLIVE CO,USD,12,21665,A
3170,20211231,2021,INDL,C,D,STD,CL,COLGATE-PALMOLIVE CO,USD,12,21665,A
3226,20161231,2016,INDL,C,D,STD,CMCSA,COMCAST CORP,USD,12,1166691,A
3226,20171231,2017,INDL,C,D,STD,CMCSA,COMCAST CORP,USD,12,1166691,A
3226,20181231,2018,INDL,C,D,STD,CMCSA,COMCAST CORP,USD,12,1166691,A
3226,20191231,2019,INDL,C,D,STD,CMCSA,COMCAST CORP,USD,12,1166691,A
3226,20201231,2020,INDL,C,D,STD,CMCSA,COMCAST CORP,USD,12,1166691,A
3226,20211231,2021,INDL,C,D,STD,CMCSA,COMCAST CORP,USD,12,1166691,A
3243,20161231,2016,FS,C,D,STD,C,CITIGROUP INC,USD,12,831001,A
3243,20161231,2016,INDL,C,D,STD,C,CITIGROUP INC,USD,12,831001,A
3243,20171231,2017,FS,C,D,STD,C,CITIGROUP INC,USD,12,831001,A
3243,20171231,2017,INDL,C,D,STD,C,CITIGROUP INC,USD,12,831001,A
3243,20181231,2018,FS,C,D,STD,C,CITIGROUP INC,USD,12,831001,A
3243,20181231,2018,INDL,C,D,STD,C,CITIGROUP INC,USD,12,831001,A
3243,20191231,2019,FS,C,D,STD,C,CITIGROUP INC,USD,12,831001,A
3243,20191231,2019,INDL,C,D,STD,C,CITIGROUP INC,USD,12,831001,A
3243,20201231,2020,FS,C,D,STD,C,CITIGROUP INC,USD,12,831001,A
3243,20201231,2020,INDL,C,D,STD,C,CITIGROUP INC,USD,12,831001,A
3243,20211231,2021,FS,C,D,STD,C,CITIGROUP INC,USD,12,831001,A
3243,20211231,2021,INDL,C,D,STD,C,CITIGROUP INC,USD,12,831001,A
3735,20161231,2016,INDL,C,D,STD,DHR,DANAHER CORP,USD,12,313616,A
3735,20171231,2017,INDL,C,D,STD,DHR,DANAHER CORP,USD,12,313616,A
3735,20181231,2018,INDL,C,D,STD,DHR,DANAHER CORP,USD,12,313616,A
3735,20191231,2019,INDL,C,D,STD,DHR,DANAHER CORP,USD,12,313616,A
3735,20201231,2020,INDL,C,D,STD,DHR,DANAHER CORP,USD,12,313616,A
3735,20211231,2021,INDL,C,D,STD,DHR,DANAHER CORP,USD,12,313616,A
3813,20160131,2015,INDL,C,D,STD,TGT,TARGET CORP,USD,1,27419,A
3813,20170131,2016,INDL,C,D,STD,TGT,TARGET CORP,USD,1,27419,A
3813,20180131,2017,INDL,C,D,STD,TGT,TARGET CORP,USD,1,27419,A
3813,20190131,2018,INDL,C,D,STD,TGT,TARGET CORP,USD,1,27419,A
3813,20200131,2019,INDL,C,D,STD,TGT,TARGET CORP,USD,1,27419,A
3813,20210131,2020,INDL,C,D,STD,TGT,TARGET CORP,USD,1,27419,A
3813,20220131,2021,INDL,C,D,STD,TGT,TARGET CORP,USD,1,27419,A
3980,20160930,2016,INDL,C,D,STD,DIS,DISNEY (WALT) CO,USD,9,1744489,A
3980,20170930,2017,INDL,C,D,STD,DIS,DISNEY (WALT) CO,USD,9,1744489,A
3980,20180930,2018,INDL,C,D,STD,DIS,DISNEY (WALT) CO,USD,9,1744489,A
3980,20190930,2019,INDL,C,D,STD,DIS,DISNEY (WALT) CO,USD,9,1744489,A
3980,20200930,2020,INDL,C,D,STD,DIS,DISNEY (WALT) CO,USD,9,1744489,A
3980,20210930,2021,INDL,C,D,STD,DIS,DISNEY (WALT) CO,USD,9,1744489,A
4060,20161231,2016,INDL,C,D,STD,DD,DUPONT DE NEMOURS INC,USD,12,1666700,A
4060,20171231,2017,INDL,C,D,STD,DD,DUPONT DE NEMOURS INC,USD,12,1666700,A
4060,20181231,2018,INDL,C,D,STD,DD,DUPONT DE NEMOURS INC,USD,12,1666700,A
4060,20191231,2019,INDL,C,D,STD,DD,DUPONT DE NEMOURS INC,USD,12,1666700,A
4060,20201231,2020,INDL,C,D,STD,DD,DUPONT DE NEMOURS INC,USD,12,1666700,A
4060,20211231,2021,INDL,C,D,STD,DD,DUPONT DE NEMOURS INC,USD,12,1666700,A
4093,20161231,2016,INDL,C,D,STD,DUK,DUKE ENERGY CORP,USD,12,1326160,A
4093,20171231,2017,INDL,C,D,STD,DUK,DUKE ENERGY CORP,USD,12,1326160,A
4093,20181231,2018,INDL,C,D,STD,DUK,DUKE ENERGY CORP,USD,12,1326160,A
4093,20191231,2019,INDL,C,D,STD,DUK,DUKE ENERGY CORP,USD,12,1326160,A
4093,20201231,2020,INDL,C,D,STD,DUK,DUKE ENERGY CORP,USD,12,1326160,A
4093,20211231,2021,INDL,C,D,STD,DUK,DUKE ENERGY CORP,USD,12,1326160,A
4321,20160930,2016,INDL,C,D,STD,EMR,EMERSON ELECTRIC CO,USD,9,32604,A
4321,20170930,2017,INDL,C,D,STD,EMR,EMERSON ELECTRIC CO,USD,9,32604,A
4321,20180930,2018,INDL,C,D,STD,EMR,EMERSON ELECTRIC CO,USD,9,32604,A
4321,20190930,2019,INDL,C,D,STD,EMR,EMERSON ELECTRIC CO,USD,9,32604,A
4321,20200930,2020,INDL,C,D,STD,EMR,EMERSON ELECTRIC CO,USD,9,32604,A
4321,20210930,2021,INDL,C,D,STD,EMR,EMERSON ELECTRIC CO,USD,9,32604,A
4321,20220930,2022,INDL,C,D,STD,EMR,EMERSON ELECTRIC CO,USD,9,32604,A
4503,20161231,2016,INDL,C,D,STD,XOM,EXXON MOBIL CORP,USD,12,34088,A
4503,20171231,2017,INDL,C,D,STD,XOM,EXXON MOBIL CORP,USD,12,34088,A
4503,20181231,2018,INDL,C,D,STD,XOM,EXXON MOBIL CORP,USD,12,34088,A
4503,20191231,2019,INDL,C,D,STD,XOM,EXXON MOBIL CORP,USD,12,34088,A
4503,20201231,2020,INDL,C,D,STD,XOM,EXXON MOBIL CORP,USD,12,34088,A
4503,20211231,2021,INDL,C,D,STD,XOM,EXXON MOBIL CORP,USD,12,34088,A
4517,20161231,2016,INDL,C,D,STD,NEE,NEXTERA ENERGY INC,USD,12,753308,A
4517,20171231,2017,INDL,C,D,STD,NEE,NEXTERA ENERGY INC,USD,12,753308,A
4517,20181231,2018,INDL,C,D,STD,NEE,NEXTERA ENERGY INC,USD,12,753308,A
4517,20191231,2019,INDL,C,D,STD,NEE,NEXTERA ENERGY INC,USD,12,753308,A
4517,20201231,2020,INDL,C,D,STD,NEE,NEXTERA ENERGY INC,USD,12,753308,A
4517,20211231,2021,INDL,C,D,STD,NEE,NEXTERA ENERGY INC,USD,12,753308,A
4598,20160531,2015,INDL,C,D,STD,FDX,FEDEX CORP,USD,5,1048911,A
4598,20170531,2016,INDL,C,D,STD,FDX,FEDEX CORP,USD,5,1048911,A
4598,20180531,2017,INDL,C,D,STD,FDX,FEDEX CORP,USD,5,1048911,A
4598,20190531,2018,INDL,C,D,STD,FDX,FEDEX CORP,USD,5,1048911,A
4598,20200531,2019,INDL,C,D,STD,FDX,FEDEX CORP,USD,5,1048911,A
4598,20210531,2020,INDL,C,D,STD,FDX,FEDEX CORP,USD,5,1048911,A
4598,20220531,2021,INDL,C,D,STD,FDX,FEDEX CORP,USD,5,1048911,A
4723,20161231,2016,FS,C,D,STD,USB,US BANCORP,USD,12,36104,A
4723,20161231,2016,INDL,C,D,STD,USB,US BANCORP,USD,12,36104,A
4723,20171231,2017,FS,C,D,STD,USB,US BANCORP,USD,12,36104,A
4723,20171231,2017,INDL,C,D,STD,USB,US BANCORP,USD,12,36104,A
4723,20181231,2018,FS,C,D,STD,USB,US BANCORP,USD,12,36104,A
4723,20181231,2018,INDL,C,D,STD,USB,US BANCORP,USD,12,36104,A
4723,20191231,2019,FS,C,D,STD,USB,US BANCORP,USD,12,36104,A
4723,20191231,2019,INDL,C,D,STD,USB,US BANCORP,USD,12,36104,A
4723,20201231,2020,FS,C,D,STD,USB,US BANCORP,USD,12,36104,A
4723,20201231,2020,INDL,C,D,STD,USB,US BANCORP,USD,12,36104,A
4723,20211231,2021,FS,C,D,STD,USB,US BANCORP,USD,12,36104,A
4723,20211231,2021,INDL,C,D,STD,USB,US BANCORP,USD,12,36104,A
4839,20161231,2016,INDL,C,D,STD,F,FORD MOTOR CO,USD,12,37996,A
4839,20171231,2017,INDL,C,D,STD,F,FORD MOTOR CO,USD,12,37996,A
4839,20181231,2018,INDL,C,D,STD,F,FORD MOTOR CO,USD,12,37996,A
4839,20191231,2019,INDL,C,D,STD,F,FORD MOTOR CO,USD,12,37996,A
4839,20201231,2020,INDL,C,D,STD,F,FORD MOTOR CO,USD,12,37996,A
4839,20211231,2021,INDL,C,D,STD,F,FORD MOTOR CO,USD,12,37996,A
5046,20161231,2016,INDL,C,D,STD,GD,GENERAL DYNAMICS CORP,USD,12,40533,A
5046,20171231,2017,INDL,C,D,STD,GD,GENERAL DYNAMICS CORP,USD,12,40533,A
5046,20181231,2018,INDL,C,D,STD,GD,GENERAL DYNAMICS CORP,USD,12,40533,A
5046,20191231,2019,INDL,C,D,STD,GD,GENERAL DYNAMICS CORP,USD,12,40533,A
5046,20201231,2020,INDL,C,D,STD,GD,GENERAL DYNAMICS CORP,USD,12,40533,A
5046,20211231,2021,INDL,C,D,STD,GD,GENERAL DYNAMICS CORP,USD,12,40533,A
5047,20161231,2016,INDL,C,D,STD,GE,GENERAL ELECTRIC CO,USD,12,40545,A
5047,20171231,2017,INDL,C,D,STD,GE,GENERAL ELECTRIC CO,USD,12,40545,A
5047,20181231,2018,INDL,C,D,STD,GE,GENERAL ELECTRIC CO,USD,12,40545,A
5047,20191231,2019,INDL,C,D,STD,GE,GENERAL ELECTRIC CO,USD,12,40545,A
5047,20201231,2020,INDL,C,D,STD,GE,GENERAL ELECTRIC CO,USD,12,40545,A
5047,20211231,2021,INDL,C,D,STD,GE,GENERAL ELECTRIC CO,USD,12,40545,A
5073,20161231,2016,INDL,C,D,STD,GM,GENERAL MOTORS CO,USD,12,1467858,A
5073,20171231,2017,INDL,C,D,STD,GM,GENERAL MOTORS CO,USD,12,1467858,A
5073,20181231,2018,INDL,C,D,STD,GM,GENERAL MOTORS CO,USD,12,1467858,A
5073,20191231,2019,INDL,C,D,STD,GM,GENERAL MOTORS CO,USD,12,1467858,A
5073,20201231,2020,INDL,C,D,STD,GM,GENERAL MOTORS CO,USD,12,1467858,A
5073,20211231,2021,INDL,C,D,STD,GM,GENERAL MOTORS CO,USD,12,1467858,A
5568,20161231,2016,INDL,C,D,STD,KHC,KRAFT HEINZ CO,USD,12,1637459,A
5568,20171231,2017,INDL,C,D,STD,KHC,KRAFT HEINZ CO,USD,12,1637459,A
5568,20181231,2018,INDL,C,D,STD,KHC,KRAFT HEINZ CO,USD,12,1637459,A
5568,20191231,2019,INDL,C,D,STD,KHC,KRAFT HEINZ CO,USD,12,1637459,A
5568,20201231,2020,INDL,C,D,STD,KHC,KRAFT HEINZ CO,USD,12,1637459,A
5568,20211231,2021,INDL,C,D,STD,KHC,KRAFT HEINZ CO,USD,12,1637459,A
5680,20160131,2015,INDL,C,D,STD,HD,HOME DEPOT INC,USD,1,354950,A
5680,20170131,2016,INDL,C,D,STD,HD,HOME DEPOT INC,USD,1,354950,A
5680,20180131,2017,INDL,C,D,STD,HD,HOME DEPOT INC,USD,1,354950,A
5680,20190131,2018,INDL,C,D,STD,HD,HOME DEPOT INC,USD,1,354950,A
5680,20200131,2019,INDL,C,D,STD,HD,HOME DEPOT INC,USD,1,354950,A
5680,20210131,2020,INDL,C,D,STD,HD,HOME DEPOT INC,USD,1,354950,A
5680,20220131,2021,INDL,C,D,STD,HD,HOME DEPOT INC,USD,1,354950,A
6008,20161231,2016,INDL,C,D,STD,INTC,INTEL CORP,USD,12,50863,A
6008,20171231,2017,INDL,C,D,STD,INTC,INTEL CORP,USD,12,50863,A
6008,20181231,2018,INDL,C,D,STD,INTC,INTEL CORP,USD,12,50863,A
6008,20191231,2019,INDL,C,D,STD,INTC,INTEL CORP,USD,12,50863,A
6008,20201231,2020,INDL,C,D,STD,INTC,INTEL CORP,USD,12,50863,A
6008,20211231,2021,INDL,C,D,STD,INTC,INTEL CORP,USD,12,50863,A
6066,20161231,2016,INDL,C,D,STD,IBM,INTL BUSINESS MACHINES CORP,USD,12,51143,A
6066,20171231,2017,INDL,C,D,STD,IBM,INTL BUSINESS MACHINES CORP,USD,12,51143,A
6066,20181231,2018,INDL,C,D,STD,IBM,INTL BUSINESS MACHINES CORP,USD,12,51143,A
6066,20191231,2019,INDL,C,D,STD,IBM,INTL BUSINESS MACHINES CORP,USD,12,51143,A
6066,20201231,2020,INDL,C,D,STD,IBM,INTL BUSINESS MACHINES CORP,USD,12,51143,A
6066,20211231,2021,INDL,C,D,STD,IBM,INTL BUSINESS MACHINES CORP,USD,12,51143,A
6266,20161231,2016,INDL,C,D,STD,JNJ,JOHNSON & JOHNSON,USD,12,200406,A
6266,20171231,2017,INDL,C,D,STD,JNJ,JOHNSON & JOHNSON,USD,12,200406,A
6266,20181231,2018,INDL,C,D,STD,JNJ,JOHNSON & JOHNSON,USD,12,200406,A
6266,20191231,2019,INDL,C,D,STD,JNJ,JOHNSON & JOHNSON,USD,12,200406,A
6266,20201231,2020,INDL,C,D,STD,JNJ,JOHNSON & JOHNSON,USD,12,200406,A
6266,20211231,2021,INDL,C,D,STD,JNJ,JOHNSON & JOHNSON,USD,12,200406,A
6310,20161231,2016,INDL,C,D,STD,KMI,KINDER MORGAN INC,USD,12,1506307,A
6310,20171231,2017,INDL,C,D,STD,KMI,KINDER MORGAN INC,USD,12,1506307,A
6310,20181231,2018,INDL,C,D,STD,KMI,KINDER MORGAN INC,USD,12,1506307,A
6310,20191231,2019,INDL,C,D,STD,KMI,KINDER MORGAN INC,USD,12,1506307,A
6310,20201231,2020,INDL,C,D,STD,KMI,KINDER MORGAN INC,USD,12,1506307,A
6310,20211231,2021,INDL,C,D,STD,KMI,KINDER MORGAN INC,USD,12,1506307,A
6730,20161231,2016,INDL,C,D,STD,LLY,LILLY (ELI) & CO,USD,12,59478,A
6730,20171231,2017,INDL,C,D,STD,LLY,LILLY (ELI) & CO,USD,12,59478,A
6730,20181231,2018,INDL,C,D,STD,LLY,LILLY (ELI) & CO,USD,12,59478,A
6730,20191231,2019,INDL,C,D,STD,LLY,LILLY (ELI) & CO,USD,12,59478,A
6730,20201231,2020,INDL,C,D,STD,LLY,LILLY (ELI) & CO,USD,12,59478,A
6730,20211231,2021,INDL,C,D,STD,LLY,LILLY (ELI) & CO,USD,12,59478,A
6774,20161231,2016,INDL,C,D,STD,LMT,LOCKHEED MARTIN CORP,USD,12,936468,A
6774,20171231,2017,INDL,C,D,STD,LMT,LOCKHEED MARTIN CORP,USD,12,936468,A
6774,20181231,2018,INDL,C,D,STD,LMT,LOCKHEED MARTIN CORP,USD,12,936468,A
6774,20191231,2019,INDL,C,D,STD,LMT,LOCKHEED MARTIN CORP,USD,12,936468,A
6774,20201231,2020,INDL,C,D,STD,LMT,LOCKHEED MARTIN CORP,USD,12,936468,A
6774,20211231,2021,INDL,C,D,STD,LMT,LOCKHEED MARTIN CORP,USD,12,936468,A
6829,20160131,2015,INDL,C,D,STD,LOW,LOWE'S COS INC,USD,1,60667,A
6829,20170131,2016,INDL,C,D,STD,LOW,LOWE'S COS INC,USD,1,60667,A
6829,20180131,2017,INDL,C,D,STD,LOW,LOWE'S COS INC,USD,1,60667,A
6829,20190131,2018,INDL,C,D,STD,LOW,LOWE'S COS INC,USD,1,60667,A
6829,20200131,2019,INDL,C,D,STD,LOW,LOWE'S COS INC,USD,1,60667,A
6829,20210131,2020,INDL,C,D,STD,LOW,LOWE'S COS INC,USD,1,60667,A
6829,20220131,2021,INDL,C,D,STD,LOW,LOWE'S COS INC,USD,1,60667,A
7154,20161231,2016,INDL,C,D,STD,MCD,MCDONALD'S CORP,USD,12,63908,A
7154,20171231,2017,INDL,C,D,STD,MCD,MCDONALD'S CORP,USD,12,63908,A
7154,20181231,2018,INDL,C,D,STD,MCD,MCDONALD'S CORP,USD,12,63908,A
7154,20191231,2019,INDL,C,D,STD,MCD,MCDONALD'S CORP,USD,12,63908,A
7154,20201231,2020,INDL,C,D,STD,MCD,MCDONALD'S CORP,USD,12,63908,A
7154,20211231,2021,INDL,C,D,STD,MCD,MCDONALD'S CORP,USD,12,63908,A
7228,20160430,2015,INDL,C,D,STD,MDT,MEDTRONIC PLC,USD,4,1613103,A
7228,20170430,2016,INDL,C,D,STD,MDT,MEDTRONIC PLC,USD,4,1613103,A
7228,20180430,2017,INDL,C,D,STD,MDT,MEDTRONIC PLC,USD,4,1613103,A
7228,20190430,2018,INDL,C,D,STD,MDT,MEDTRONIC PLC,USD,4,1613103,A
7228,20200430,2019,INDL,C,D,STD,MDT,MEDTRONIC PLC,USD,4,1613103,A
7228,20210430,2020,INDL,C,D,STD,MDT,MEDTRONIC PLC,USD,4,1613103,A
7228,20220430,2021,INDL,C,D,STD,MDT,MEDTRONIC PLC,USD,4,1613103,A
7241,20161231,2016,INDL,C,D,STD,CVS,CVS HEALTH CORP,USD,12,64803,A
7241,20171231,2017,INDL,C,D,STD,CVS,CVS HEALTH CORP,USD,12,64803,A
7241,20181231,2018,INDL,C,D,STD,CVS,CVS HEALTH CORP,USD,12,64803,A
7241,20191231,2019,INDL,C,D,STD,CVS,CVS HEALTH CORP,USD,12,64803,A
7241,20201231,2020,INDL,C,D,STD,CVS,CVS HEALTH CORP,USD,12,64803,A
7241,20211231,2021,INDL,C,D,STD,CVS,CVS HEALTH CORP,USD,12,64803,A
7257,20161231,2016,INDL,C,D,STD,MRK,MERCK & CO,USD,12,310158,A
7257,20171231,2017,INDL,C,D,STD,MRK,MERCK & CO,USD,12,310158,A
7257,20181231,2018,INDL,C,D,STD,MRK,MERCK & CO,USD,12,310158,A
7257,20191231,2019,INDL,C,D,STD,MRK,MERCK & CO,USD,12,310158,A
7257,20201231,2020,INDL,C,D,STD,MRK,MERCK & CO,USD,12,310158,A
7257,20211231,2021,INDL,C,D,STD,MRK,MERCK & CO,USD,12,310158,A
7435,20161231,2016,INDL,C,D,STD,MMM,3M CO,USD,12,66740,A
7435,20171231,2017,INDL,C,D,STD,MMM,3M CO,USD,12,66740,A
7435,20181231,2018,INDL,C,D,STD,MMM,3M CO,USD,12,66740,A
7435,20191231,2019,INDL,C,D,STD,MMM,3M CO,USD,12,66740,A
7435,20201231,2020,INDL,C,D,STD,MMM,3M CO,USD,12,66740,A
7435,20211231,2021,INDL,C,D,STD,MMM,3M CO,USD,12,66740,A
7647,20161231,2016,FS,C,D,STD,BAC,BANK OF AMERICA CORP,USD,12,70858,A
7647,20161231,2016,INDL,C,D,STD,BAC,BANK OF AMERICA CORP,USD,12,70858,A
7647,20171231,2017,FS,C,D,STD,BAC,BANK OF AMERICA CORP,USD,12,70858,A
7647,20171231,2017,INDL,C,D,STD,BAC,BANK OF AMERICA CORP,USD,12,70858,A
7647,20181231,2018,FS,C,D,STD,BAC,BANK OF AMERICA CORP,USD,12,70858,A
7647,20181231,2018,INDL,C,D,STD,BAC,BANK OF AMERICA CORP,USD,12,70858,A
7647,20191231,2019,FS,C,D,STD,BAC,BANK OF AMERICA CORP,USD,12,70858,A
7647,20191231,2019,INDL,C,D,STD,BAC,BANK OF AMERICA CORP,USD,12,70858,A
7647,20201231,2020,FS,C,D,STD,BAC,BANK OF AMERICA CORP,USD,12,70858,A
7647,20201231,2020,INDL,C,D,STD,BAC,BANK OF AMERICA CORP,USD,12,70858,A
7647,20211231,2021,FS,C,D,STD,BAC,BANK OF AMERICA CORP,USD,12,70858,A
7647,20211231,2021,INDL,C,D,STD,BAC,BANK OF AMERICA CORP,USD,12,70858,A
7906,20160531,2015,INDL,C,D,STD,NKE,NIKE INC  -CL B,USD,5,320187,A
7906,20170531,2016,INDL,C,D,STD,NKE,NIKE INC  -CL B,USD,5,320187,A
7906,20180531,2017,INDL,C,D,STD,NKE,NIKE INC  -CL B,USD,5,320187,A
7906,20190531,2018,INDL,C,D,STD,NKE,NIKE INC  -CL B,USD,5,320187,A
7906,20200531,2019,INDL,C,D,STD,NKE,NIKE INC  -CL B,USD,5,320187,A
7906,20210531,2020,INDL,C,D,STD,NKE,NIKE INC  -CL B,USD,5,320187,A
7906,20220531,2021,INDL,C,D,STD,NKE,NIKE INC  -CL B,USD,5,320187,A
8007,20161231,2016,FS,C,D,STD,WFC,WELLS FARGO & CO,USD,12,72971,A
8007,20161231,2016,INDL,C,D,STD,WFC,WELLS FARGO & CO,USD,12,72971,A
8007,20171231,2017,FS,C,D,STD,WFC,WELLS FARGO & CO,USD,12,72971,A
8007,20171231,2017,INDL,C,D,STD,WFC,WELLS FARGO & CO,USD,12,72971,A
8007,20181231,2018,FS,C,D,STD,WFC,WELLS FARGO & CO,USD,12,72971,A
8007,20181231,2018,INDL,C,D,STD,WFC,WELLS FARGO & CO,USD,12,72971,A
8007,20191231,2019,FS,C,D,STD,WFC,WELLS FARGO & CO,USD,12,72971,A
8007,20191231,2019,INDL,C,D,STD,WFC,WELLS FARGO & CO,USD,12,72971,A
8007,20201231,2020,FS,C,D,STD,WFC,WELLS FARGO & CO,USD,12,72971,A
8007,20201231,2020,INDL,C,D,STD,WFC,WELLS FARGO & CO,USD,12,72971,A
8007,20211231,2021,FS,C,D,STD,WFC,WELLS FARGO & CO,USD,12,72971,A
8007,20211231,2021,INDL,C,D,STD,WFC,WELLS FARGO & CO,USD,12,72971,A
8479,20161231,2016,INDL,C,D,STD,PEP,PEPSICO INC,USD,12,77476,A
8479,20171231,2017,INDL,C,D,STD,PEP,PEPSICO INC,USD,12,77476,A
8479,20181231,2018,INDL,C,D,STD,PEP,PEPSICO INC,USD,12,77476,A
8479,20191231,2019,INDL,C,D,STD,PEP,PEPSICO INC,USD,12,77476,A
8479,20201231,2020,INDL,C,D,STD,PEP,PEPSICO INC,USD,12,77476,A
8479,20211231,2021,INDL,C,D,STD,PEP,PEPSICO INC,USD,12,77476,A
8530,20161231,2016,INDL,C,D,STD,PFE,PFIZER INC,USD,12,78003,A
8530,20171231,2017,INDL,C,D,STD,PFE,PFIZER INC,USD,12,78003,A
8530,20181231,2018,INDL,C,D,STD,PFE,PFIZER INC,USD,12,78003,A
8530,20191231,2019,INDL,C,D,STD,PFE,PFIZER INC,USD,12,78003,A
8530,20201231,2020,INDL,C,D,STD,PFE,PFIZER INC,USD,12,78003,A
8530,20211231,2021,INDL,C,D,STD,PFE,PFIZER INC,USD,12,78003,A
8539,20161231,2016,INDL,C,D,STD,EXC,EXELON CORP,USD,12,1109357,A
8539,20171231,2017,INDL,C,D,STD,EXC,EXELON CORP,USD,12,1109357,A
8539,20181231,2018,INDL,C,D,STD,EXC,EXELON CORP,USD,12,1109357,A
8539,20191231,2019,INDL,C,D,STD,EXC,EXELON CORP,USD,12,1109357,A
8539,20201231,2020,INDL,C,D,STD,EXC,EXELON CORP,USD,12,1109357,A
8539,20211231,2021,INDL,C,D,STD,EXC,EXELON CORP,USD,12,1109357,A
8543,20161231,2016,INDL,C,D,STD,MO,ALTRIA GROUP INC,USD,12,764180,A
8543,20171231,2017,INDL,C,D,STD,MO,ALTRIA GROUP INC,USD,12,764180,A
8543,20181231,2018,INDL,C,D,STD,MO,ALTRIA GROUP INC,USD,12,764180,A
8543,20191231,2019,INDL,C,D,STD,MO,ALTRIA GROUP INC,USD,12,764180,A
8543,20201231,2020,INDL,C,D,STD,MO,ALTRIA GROUP INC,USD,12,764180,A
8543,20211231,2021,INDL,C,D,STD,MO,ALTRIA GROUP INC,USD,12,764180,A
8549,20161231,2016,INDL,C,D,STD,COP,CONOCOPHILLIPS,USD,12,1163165,A
8549,20171231,2017,INDL,C,D,STD,COP,CONOCOPHILLIPS,USD,12,1163165,A
8549,20181231,2018,INDL,C,D,STD,COP,CONOCOPHILLIPS,USD,12,1163165,A
8549,20191231,2019,INDL,C,D,STD,COP,CONOCOPHILLIPS,USD,12,1163165,A
8549,20201231,2020,INDL,C,D,STD,COP,CONOCOPHILLIPS,USD,12,1163165,A
8549,20211231,2021,INDL,C,D,STD,COP,CONOCOPHILLIPS,USD,12,1163165,A
8762,20160630,2016,INDL,C,D,STD,PG,PROCTER & GAMBLE CO,USD,6,80424,A
8762,20170630,2017,INDL,C,D,STD,PG,PROCTER & GAMBLE CO,USD,6,80424,A
8762,20180630,2018,INDL,C,D,STD,PG,PROCTER & GAMBLE CO,USD,6,80424,A
8762,20190630,2019,INDL,C,D,STD,PG,PROCTER & GAMBLE CO,USD,6,80424,A
8762,20200630,2020,INDL,C,D,STD,PG,PROCTER & GAMBLE CO,USD,6,80424,A
8762,20210630,2021,INDL,C,D,STD,PG,PROCTER & GAMBLE CO,USD,6,80424,A
8762,20220630,2022,INDL,C,D,STD,PG,PROCTER & GAMBLE CO,USD,6,80424,A
9465,20161231,2016,INDL,C,D,STD,SLB,SCHLUMBERGER LTD,USD,12,87347,A
9465,20171231,2017,INDL,C,D,STD,SLB,SCHLUMBERGER LTD,USD,12,87347,A
9465,20181231,2018,INDL,C,D,STD,SLB,SCHLUMBERGER LTD,USD,12,87347,A
9465,20191231,2019,INDL,C,D,STD,SLB,SCHLUMBERGER LTD,USD,12,87347,A
9465,20201231,2020,INDL,C,D,STD,SLB,SCHLUMBERGER LTD,USD,12,87347,A
9465,20211231,2021,INDL,C,D,STD,SLB,SCHLUMBERGER LTD,USD,12,87347,A
9850,20161231,2016,INDL,C,D,STD,SO,SOUTHERN CO,USD,12,92122,A
9850,20171231,2017,INDL,C,D,STD,SO,SOUTHERN CO,USD,12,92122,A
9850,20181231,2018,INDL,C,D,STD,SO,SOUTHERN CO,USD,12,92122,A
9850,20191231,2019,INDL,C,D,STD,SO,SOUTHERN CO,USD,12,92122,A
9850,20201231,2020,INDL,C,D,STD,SO,SOUTHERN CO,USD,12,92122,A
9850,20211231,2021,INDL,C,D,STD,SO,SOUTHERN CO,USD,12,92122,A
9899,20161231,2016,INDL,C,D,STD,T,AT&T INC,USD,12,732717,A
9899,20171231,2017,INDL,C,D,STD,T,AT&T INC,USD,12,732717,A
9899,20181231,2018,INDL,C,D,STD,T,AT&T INC,USD,12,732717,A
9899,20191231,2019,INDL,C,D,STD,T,AT&T INC,USD,12,732717,A
9899,20201231,2020,INDL,C,D,STD,T,AT&T INC,USD,12,732717,A
9899,20211231,2021,INDL,C,D,STD,T,AT&T INC,USD,12,732717,A
10499,20161231,2016,INDL,C,D,STD,TXN,TEXAS INSTRUMENTS INC,USD,12,97476,A
10499,20171231,2017,INDL,C,D,STD,TXN,TEXAS INSTRUMENTS INC,USD,12,97476,A
10499,20181231,2018,INDL,C,D,STD,TXN,TEXAS INSTRUMENTS INC,USD,12,97476,A
10499,20191231,2019,INDL,C,D,STD,TXN,TEXAS INSTRUMENTS INC,USD,12,97476,A
10499,20201231,2020,INDL,C,D,STD,TXN,TEXAS INSTRUMENTS INC,USD,12,97476,A
10499,20211231,2021,INDL,C,D,STD,TXN,TEXAS INSTRUMENTS INC,USD,12,97476,A
10530,20161231,2016,INDL,C,D,STD,TMO,THERMO FISHER SCIENTIFIC INC,USD,12,97745,A
10530,20171231,2017,INDL,C,D,STD,TMO,THERMO FISHER SCIENTIFIC INC,USD,12,97745,A
10530,20181231,2018,INDL,C,D,STD,TMO,THERMO FISHER SCIENTIFIC INC,USD,12,97745,A
10530,20191231,2019,INDL,C,D,STD,TMO,THERMO FISHER SCIENTIFIC INC,USD,12,97745,A
10530,20201231,2020,INDL,C,D,STD,TMO,THERMO FISHER SCIENTIFIC INC,USD,12,97745,A
10530,20211231,2021,INDL,C,D,STD,TMO,THERMO FISHER SCIENTIFIC INC,USD,12,97745,A
10867,20161231,2016,INDL,C,D,STD,UNP,UNION PACIFIC CORP,USD,12,100885,A
10867,20171231,2017,INDL,C,D,STD,UNP,UNION PACIFIC CORP,USD,12,100885,A
10867,20181231,2018,INDL,C,D,STD,UNP,UNION PACIFIC CORP,USD,12,100885,A
10867,20191231,2019,INDL,C,D,STD,UNP,UNION PACIFIC CORP,USD,12,100885,A
10867,20201231,2020,INDL,C,D,STD,UNP,UNION PACIFIC CORP,USD,12,100885,A
10867,20211231,2021,INDL,C,D,STD,UNP,UNION PACIFIC CORP,USD,12,100885,A
10903,20161231,2016,FS,C,D,STD,UNH,UNITEDHEALTH GROUP INC,USD,12,731766,A
10903,20161231,2016,INDL,C,D,STD,UNH,UNITEDHEALTH GROUP INC,USD,12,731766,A
10903,20171231,2017,FS,C,D,STD,UNH,UNITEDHEALTH GROUP INC,USD,12,731766,A
10903,20171231,2017,INDL,C,D,STD,UNH,UNITEDHEALTH GROUP INC,USD,12,731766,A
10903,20181231,2018,FS,C,D,STD,UNH,UNITEDHEALTH GROUP INC,USD,12,731766,A
10903,20181231,2018,INDL,C,D,STD,UNH,UNITEDHEALTH GROUP INC,USD,12,731766,A
10903,20191231,2019,FS,C,D,STD,UNH,UNITEDHEALTH GROUP INC,USD,12,731766,A
10903,20191231,2019,INDL,C,D,STD,UNH,UNITEDHEALTH GROUP INC,USD,12,731766,A
10903,20201231,2020,FS,C,D,STD,UNH,UNITEDHEALTH GROUP INC,USD,12,731766,A
10903,20201231,2020,INDL,C,D,STD,UNH,UNITEDHEALTH GROUP INC,USD,12,731766,A
10903,20211231,2021,FS,C,D,STD,UNH,UNITEDHEALTH GROUP INC,USD,12,731766,A
10903,20211231,2021,INDL,C,D,STD,UNH,UNITEDHEALTH GROUP INC,USD,12,731766,A
10920,20161231,2016,INDL,C,D,STD,UPS,UNITED PARCEL SERVICE INC,USD,12,1090727,A
10920,20171231,2017,INDL,C,D,STD,UPS,UNITED PARCEL SERVICE INC,USD,12,1090727,A
10920,20181231,2018,INDL,C,D,STD,UPS,UNITED PARCEL SERVICE INC,USD,12,1090727,A
10920,20191231,2019,INDL,C,D,STD,UPS,UNITED PARCEL SERVICE INC,USD,12,1090727,A
10920,20201231,2020,INDL,C,D,STD,UPS,UNITED PARCEL SERVICE INC,USD,12,1090727,A
10920,20211231,2021,INDL,C,D,STD,UPS,UNITED PARCEL SERVICE INC,USD,12,1090727,A
10983,20161231,2016,INDL,C,D,STD,RTX,RAYTHEON TECHNOLOGIES CORP,USD,12,101829,A
10983,20171231,2017,INDL,C,D,STD,RTX,RAYTHEON TECHNOLOGIES CORP,USD,12,101829,A
10983,20181231,2018,INDL,C,D,STD,RTX,RAYTHEON TECHNOLOGIES CORP,USD,12,101829,A
10983,20191231,2019,INDL,C,D,STD,RTX,RAYTHEON TECHNOLOGIES CORP,USD,12,101829,A
10983,20201231,2020,INDL,C,D,STD,RTX,RAYTHEON TECHNOLOGIES CORP,USD,12,101829,A
10983,20211231,2021,INDL,C,D,STD,RTX,RAYTHEON TECHNOLOGIES CORP,USD,12,101829,A
11259,20160131,2015,INDL,C,D,STD,WMT,WALMART INC,USD,1,104169,A
11259,20170131,2016,INDL,C,D,STD,WMT,WALMART INC,USD,1,104169,A
11259,20180131,2017,INDL,C,D,STD,WMT,WALMART INC,USD,1,104169,A
11259,20190131,2018,INDL,C,D,STD,WMT,WALMART INC,USD,1,104169,A
11259,20200131,2019,INDL,C,D,STD,WMT,WALMART INC,USD,1,104169,A
11259,20210131,2020,INDL,C,D,STD,WMT,WALMART INC,USD,1,104169,A
11259,20220131,2021,INDL,C,D,STD,WMT,WALMART INC,USD,1,104169,A
11264,20160831,2016,INDL,C,D,STD,WBA,WALGREENS BOOTS ALLIANCE INC,USD,8,1618921,A
11264,20170831,2017,INDL,C,D,STD,WBA,WALGREENS BOOTS ALLIANCE INC,USD,8,1618921,A
11264,20180831,2018,INDL,C,D,STD,WBA,WALGREENS BOOTS ALLIANCE INC,USD,8,1618921,A
11264,20190831,2019,INDL,C,D,STD,WBA,WALGREENS BOOTS ALLIANCE INC,USD,8,1618921,A
11264,20200831,2020,INDL,C,D,STD,WBA,WALGREENS BOOTS ALLIANCE INC,USD,8,1618921,A
11264,20210831,2021,INDL,C,D,STD,WBA,WALGREENS BOOTS ALLIANCE INC,USD,8,1618921,A
11264,20220831,2022,INDL,C,D,STD,WBA,WALGREENS BOOTS ALLIANCE INC,USD,8,1618921,A
12124,20161231,2016,FS,C,D,STD,MS,MORGAN STANLEY,USD,12,895421,A
12124,20161231,2016,INDL,C,D,STD,MS,MORGAN STANLEY,USD,12,895421,A
12124,20171231,2017,FS,C,D,STD,MS,MORGAN STANLEY,USD,12,895421,A
12124,20171231,2017,INDL,C,D,STD,MS,MORGAN STANLEY,USD,12,895421,A
12124,20181231,2018,FS,C,D,STD,MS,MORGAN STANLEY,USD,12,895421,A
12124,20181231,2018,INDL,C,D,STD,MS,MORGAN STANLEY,USD,12,895421,A
12124,20191231,2019,FS,C,D,STD,MS,MORGAN STANLEY,USD,12,895421,A
12124,20191231,2019,INDL,C,D,STD,MS,MORGAN STANLEY,USD,12,895421,A
12124,20201231,2020,FS,C,D,STD,MS,MORGAN STANLEY,USD,12,895421,A
12124,20201231,2020,INDL,C,D,STD,MS,MORGAN STANLEY,USD,12,895421,A
12124,20211231,2021,FS,C,D,STD,MS,MORGAN STANLEY,USD,12,895421,A
12124,20211231,2021,INDL,C,D,STD,MS,MORGAN STANLEY,USD,12,895421,A
12141,20160630,2016,INDL,C,D,STD,MSFT,MICROSOFT CORP,USD,6,789019,A
12141,20170630,2017,INDL,C,D,STD,MSFT,MICROSOFT CORP,USD,6,789019,A
12141,20180630,2018,INDL,C,D,STD,MSFT,MICROSOFT CORP,USD,6,789019,A
12141,20190630,2019,INDL,C,D,STD,MSFT,MICROSOFT CORP,USD,6,789019,A
12141,20200630,2020,INDL,C,D,STD,MSFT,MICROSOFT CORP,USD,6,789019,A
12141,20210630,2021,INDL,C,D,STD,MSFT,MICROSOFT CORP,USD,6,789019,A
12141,20220630,2022,INDL,C,D,STD,MSFT,MICROSOFT CORP,USD,6,789019,A
12142,20160531,2015,INDL,C,D,STD,ORCL,ORACLE CORP,USD,5,1341439,A
12142,20170531,2016,INDL,C,D,STD,ORCL,ORACLE CORP,USD,5,1341439,A
12142,20180531,2017,INDL,C,D,STD,ORCL,ORACLE CORP,USD,5,1341439,A
12142,20190531,2018,INDL,C,D,STD,ORCL,ORACLE CORP,USD,5,1341439,A
12142,20200531,2019,INDL,C,D,STD,ORCL,ORACLE CORP,USD,5,1341439,A
12142,20210531,2020,INDL,C,D,STD,ORCL,ORACLE CORP,USD,5,1341439,A
12142,20220531,2021,INDL,C,D,STD,ORCL,ORACLE CORP,USD,5,1341439,A
12540,20161130,2016,INDL,C,D,STD,ADBE,ADOBE INC,USD,11,796343,A
12540,20171130,2017,INDL,C,D,STD,ADBE,ADOBE INC,USD,11,796343,A
12540,20181130,2018,INDL,C,D,STD,ADBE,ADOBE INC,USD,11,796343,A
12540,20191130,2019,INDL,C,D,STD,ADBE,ADOBE INC,USD,11,796343,A
12540,20201130,2020,INDL,C,D,STD,ADBE,ADOBE INC,USD,11,796343,A
12540,20211130,2021,INDL,C,D,STD,ADBE,ADOBE INC,USD,11,796343,A
16101,20161231,2016,INDL,C,D,STD,ABBV,ABBVIE INC,USD,12,1551152,A
16101,20171231,2017,INDL,C,D,STD,ABBV,ABBVIE INC,USD,12,1551152,A
16101,20181231,2018,INDL,C,D,STD,ABBV,ABBVIE INC,USD,12,1551152,A
16101,20191231,2019,INDL,C,D,STD,ABBV,ABBVIE INC,USD,12,1551152,A
16101,20201231,2020,INDL,C,D,STD,ABBV,ABBVIE INC,USD,12,1551152,A
16101,20211231,2021,INDL,C,D,STD,ABBV,ABBVIE INC,USD,12,1551152,A
20779,20160731,2016,INDL,C,D,STD,CSCO,CISCO SYSTEMS INC,USD,7,858877,A
20779,20170731,2017,INDL,C,D,STD,CSCO,CISCO SYSTEMS INC,USD,7,858877,A
20779,20180731,2018,INDL,C,D,STD,CSCO,CISCO SYSTEMS INC,USD,7,858877,A
20779,20190731,2019,INDL,C,D,STD,CSCO,CISCO SYSTEMS INC,USD,7,858877,A
20779,20200731,2020,INDL,C,D,STD,CSCO,CISCO SYSTEMS INC,USD,7,858877,A
20779,20210731,2021,INDL,C,D,STD,CSCO,CISCO SYSTEMS INC,USD,7,858877,A
20779,20220731,2022,INDL,C,D,STD,CSCO,CISCO SYSTEMS INC,USD,7,858877,A
24468,20161231,2016,INDL,C,D,STD,BIIB,BIOGEN INC,USD,12,875045,A
24468,20171231,2017,INDL,C,D,STD,BIIB,BIOGEN INC,USD,12,875045,A
24468,20181231,2018,INDL,C,D,STD,BIIB,BIOGEN INC,USD,12,875045,A
24468,20191231,2019,INDL,C,D,STD,BIIB,BIOGEN INC,USD,12,875045,A
24468,20201231,2020,INDL,C,D,STD,BIIB,BIOGEN INC,USD,12,875045,A
24468,20211231,2021,INDL,C,D,STD,BIIB,BIOGEN INC,USD,12,875045,A
24616,20161231,2016,INDL,C,D,STD,PYPL,PAYPAL HOLDINGS INC,USD,12,1633917,A
24616,20171231,2017,INDL,C,D,STD,PYPL,PAYPAL HOLDINGS INC,USD,12,1633917,A
24616,20181231,2018,INDL,C,D,STD,PYPL,PAYPAL HOLDINGS INC,USD,12,1633917,A
24616,20191231,2019,INDL,C,D,STD,PYPL,PAYPAL HOLDINGS INC,USD,12,1633917,A
24616,20201231,2020,INDL,C,D,STD,PYPL,PAYPAL HOLDINGS INC,USD,12,1633917,A
24616,20211231,2021,INDL,C,D,STD,PYPL,PAYPAL HOLDINGS INC,USD,12,1633917,A
24800,20160930,2016,INDL,C,D,STD,QCOM,QUALCOMM INC,USD,9,804328,A
24800,20170930,2017,INDL,C,D,STD,QCOM,QUALCOMM INC,USD,9,804328,A
24800,20180930,2018,INDL,C,D,STD,QCOM,QUALCOMM INC,USD,9,804328,A
24800,20190930,2019,INDL,C,D,STD,QCOM,QUALCOMM INC,USD,9,804328,A
24800,20200930,2020,INDL,C,D,STD,QCOM,QUALCOMM INC,USD,9,804328,A
24800,20210930,2021,INDL,C,D,STD,QCOM,QUALCOMM INC,USD,9,804328,A
24800,20220930,2022,INDL,C,D,STD,QCOM,QUALCOMM INC,USD,9,804328,A
24856,20161231,2016,INDL,C,D,STD,GILD,GILEAD SCIENCES INC,USD,12,882095,A
24856,20171231,2017,INDL,C,D,STD,GILD,GILEAD SCIENCES INC,USD,12,882095,A
24856,20181231,2018,INDL,C,D,STD,GILD,GILEAD SCIENCES INC,USD,12,882095,A
24856,20191231,2019,INDL,C,D,STD,GILD,GILEAD SCIENCES INC,USD,12,882095,A
24856,20201231,2020,INDL,C,D,STD,GILD,GILEAD SCIENCES INC,USD,12,882095,A
24856,20211231,2021,INDL,C,D,STD,GILD,GILEAD SCIENCES INC,USD,12,882095,A
25434,20160930,2016,INDL,C,D,STD,SBUX,STARBUCKS CORP,USD,9,829224,A
25434,20170930,2017,INDL,C,D,STD,SBUX,STARBUCKS CORP,USD,9,829224,A
25434,20180930,2018,INDL,C,D,STD,SBUX,STARBUCKS CORP,USD,9,829224,A
25434,20190930,2019,INDL,C,D,STD,SBUX,STARBUCKS CORP,USD,9,829224,A
25434,20200930,2020,INDL,C,D,STD,SBUX,STARBUCKS CORP,USD,9,829224,A
25434,20210930,2021,INDL,C,D,STD,SBUX,STARBUCKS CORP,USD,9,829224,A
25434,20220930,2022,INDL,C,D,STD,SBUX,STARBUCKS CORP,USD,9,829224,A
28349,20161231,2016,FS,C,D,STD,ALL,ALLSTATE CORP,USD,12,899051,A
28349,20161231,2016,INDL,C,D,STD,ALL,ALLSTATE CORP,USD,12,899051,A
28349,20171231,2017,FS,C,D,STD,ALL,ALLSTATE CORP,USD,12,899051,A
28349,20171231,2017,INDL,C,D,STD,ALL,ALLSTATE CORP,USD,12,899051,A
28349,20181231,2018,FS,C,D,STD,ALL,ALLSTATE CORP,USD,12,899051,A
28349,20181231,2018,INDL,C,D,STD,ALL,ALLSTATE CORP,USD,12,899051,A
28349,20191231,2019,FS,C,D,STD,ALL,ALLSTATE CORP,USD,12,899051,A
28349,20191231,2019,INDL,C,D,STD,ALL,ALLSTATE CORP,USD,12,899051,A
28349,20201231,2020,FS,C,D,STD,ALL,ALLSTATE CORP,USD,12,899051,A
28349,20201231,2020,INDL,C,D,STD,ALL,ALLSTATE CORP,USD,12,899051,A
28349,20211231,2021,FS,C,D,STD,ALL,ALLSTATE CORP,USD,12,899051,A
28349,20211231,2021,INDL,C,D,STD,ALL,ALLSTATE CORP,USD,12,899051,A
29028,20160831,2016,INDL,C,D,STD,COST,COSTCO WHOLESALE CORP,USD,8,909832,A
29028,20170831,2017,INDL,C,D,STD,COST,COSTCO WHOLESALE CORP,USD,8,909832,A
29028,20180831,2018,INDL,C,D,STD,COST,COSTCO WHOLESALE CORP,USD,8,909832,A
29028,20190831,2019,INDL,C,D,STD,COST,COSTCO WHOLESALE CORP,USD,8,909832,A
29028,20200831,2020,INDL,C,D,STD,COST,COSTCO WHOLESALE CORP,USD,8,909832,A
29028,20210831,2021,INDL,C,D,STD,COST,COSTCO WHOLESALE CORP,USD,8,909832,A
29028,20220831,2022,INDL,C,D,STD,COST,COSTCO WHOLESALE CORP,USD,8,909832,A
29389,20161231,2016,FS,C,D,STD,SPG,SIMON PROPERTY GROUP INC,USD,12,1063761,A
29389,20161231,2016,INDL,C,D,STD,SPG,SIMON PROPERTY GROUP INC,USD,12,1063761,A
29389,20171231,2017,FS,C,D,STD,SPG,SIMON PROPERTY GROUP INC,USD,12,1063761,A
29389,20171231,2017,INDL,C,D,STD,SPG,SIMON PROPERTY GROUP INC,USD,12,1063761,A
29389,20181231,2018,FS,C,D,STD,SPG,SIMON PROPERTY GROUP INC,USD,12,1063761,A
29389,20181231,2018,INDL,C,D,STD,SPG,SIMON PROPERTY GROUP INC,USD,12,1063761,A
29389,20191231,2019,FS,C,D,STD,SPG,SIMON PROPERTY GROUP INC,USD,12,1063761,A
29389,20191231,2019,INDL,C,D,STD,SPG,SIMON PROPERTY GROUP INC,USD,12,1063761,A
29389,20201231,2020,FS,C,D,STD,SPG,SIMON PROPERTY GROUP INC,USD,12,1063761,A
29389,20201231,2020,INDL,C,D,STD,SPG,SIMON PROPERTY GROUP INC,USD,12,1063761,A
29389,20211231,2021,FS,C,D,STD,SPG,SIMON PROPERTY GROUP INC,USD,12,1063761,A
29389,20211231,2021,INDL,C,D,STD,SPG,SIMON PROPERTY GROUP INC,USD,12,1063761,A
30990,20161231,2016,FS,C,D,STD,COF,CAPITAL ONE FINANCIAL CORP,USD,12,927628,A
30990,20161231,2016,INDL,C,D,STD,COF,CAPITAL ONE FINANCIAL CORP,USD,12,927628,A
30990,20171231,2017,FS,C,D,STD,COF,CAPITAL ONE FINANCIAL CORP,USD,12,927628,A
30990,20171231,2017,INDL,C,D,STD,COF,CAPITAL ONE FINANCIAL CORP,USD,12,927628,A
30990,20181231,2018,FS,C,D,STD,COF,CAPITAL ONE FINANCIAL CORP,USD,12,927628,A
30990,20181231,2018,INDL,C,D,STD,COF,CAPITAL ONE FINANCIAL CORP,USD,12,927628,A
30990,20191231,2019,FS,C,D,STD,COF,CAPITAL ONE FINANCIAL CORP,USD,12,927628,A
30990,20191231,2019,INDL,C,D,STD,COF,CAPITAL ONE FINANCIAL CORP,USD,12,927628,A
30990,20201231,2020,FS,C,D,STD,COF,CAPITAL ONE FINANCIAL CORP,USD,12,927628,A
30990,20201231,2020,INDL,C,D,STD,COF,CAPITAL ONE FINANCIAL CORP,USD,12,927628,A
30990,20211231,2021,FS,C,D,STD,COF,CAPITAL ONE FINANCIAL CORP,USD,12,927628,A
30990,20211231,2021,INDL,C,D,STD,COF,CAPITAL ONE FINANCIAL CORP,USD,12,927628,A
34443,20161231,2016,INDL,C,D,STD,DOW,DOW INC,USD,12,1751788,A
34443,20171231,2017,INDL,C,D,STD,DOW,DOW INC,USD,12,1751788,A
34443,20181231,2018,INDL,C,D,STD,DOW,DOW INC,USD,12,1751788,A
34443,20191231,2019,INDL,C,D,STD,DOW,DOW INC,USD,12,1751788,A
34443,20201231,2020,INDL,C,D,STD,DOW,DOW INC,USD,12,1751788,A
34443,20211231,2021,INDL,C,D,STD,DOW,DOW INC,USD,12,1751788,A
64768,20161231,2016,INDL,C,D,STD,AMZN,AMAZON.COM INC,USD,12,1018724,A
64768,20171231,2017,INDL,C,D,STD,AMZN,AMAZON.COM INC,USD,12,1018724,A
64768,20181231,2018,INDL,C,D,STD,AMZN,AMAZON.COM INC,USD,12,1018724,A
64768,20191231,2019,INDL,C,D,STD,AMZN,AMAZON.COM INC,USD,12,1018724,A
64768,20201231,2020,INDL,C,D,STD,AMZN,AMAZON.COM INC,USD,12,1018724,A
64768,20211231,2021,INDL,C,D,STD,AMZN,AMAZON.COM INC,USD,12,1018724,A
105365,20161231,2016,INDL,C,D,STD,AMT,AMERICAN TOWER CORP,USD,12,1053507,A
105365,20171231,2017,INDL,C,D,STD,AMT,AMERICAN TOWER CORP,USD,12,1053507,A
105365,20181231,2018,INDL,C,D,STD,AMT,AMERICAN TOWER CORP,USD,12,1053507,A
105365,20191231,2019,INDL,C,D,STD,AMT,AMERICAN TOWER CORP,USD,12,1053507,A
105365,20201231,2020,INDL,C,D,STD,AMT,AMERICAN TOWER CORP,USD,12,1053507,A
105365,20211231,2021,INDL,C,D,STD,AMT,AMERICAN TOWER CORP,USD,12,1053507,A
114628,20161231,2016,FS,C,D,STD,GS,GOLDMAN SACHS GROUP INC,USD,12,886982,A
114628,20161231,2016,INDL,C,D,STD,GS,GOLDMAN SACHS GROUP INC,USD,12,886982,A
114628,20171231,2017,FS,C,D,STD,GS,GOLDMAN SACHS GROUP INC,USD,12,886982,A
114628,20171231,2017,INDL,C,D,STD,GS,GOLDMAN SACHS GROUP INC,USD,12,886982,A
114628,20181231,2018,FS,C,D,STD,GS,GOLDMAN SACHS GROUP INC,USD,12,886982,A
114628,20181231,2018,INDL,C,D,STD,GS,GOLDMAN SACHS GROUP INC,USD,12,886982,A
114628,20191231,2019,FS,C,D,STD,GS,GOLDMAN SACHS GROUP INC,USD,12,886982,A
114628,20191231,2019,INDL,C,D,STD,GS,GOLDMAN SACHS GROUP INC,USD,12,886982,A
114628,20201231,2020,FS,C,D,STD,GS,GOLDMAN SACHS GROUP INC,USD,12,886982,A
114628,20201231,2020,INDL,C,D,STD,GS,GOLDMAN SACHS GROUP INC,USD,12,886982,A
114628,20211231,2021,FS,C,D,STD,GS,GOLDMAN SACHS GROUP INC,USD,12,886982,A
114628,20211231,2021,INDL,C,D,STD,GS,GOLDMAN SACHS GROUP INC,USD,12,886982,A
117768,20160131,2015,INDL,C,D,STD,NVDA,NVIDIA CORP,USD,1,1045810,A
117768,20170131,2016,INDL,C,D,STD,NVDA,NVIDIA CORP,USD,1,1045810,A
117768,20180131,2017,INDL,C,D,STD,NVDA,NVIDIA CORP,USD,1,1045810,A
117768,20190131,2018,INDL,C,D,STD,NVDA,NVIDIA CORP,USD,1,1045810,A
117768,20200131,2019,INDL,C,D,STD,NVDA,NVIDIA CORP,USD,1,1045810,A
117768,20210131,2020,INDL,C,D,STD,NVDA,NVIDIA CORP,USD,1,1045810,A
117768,20220131,2021,INDL,C,D,STD,NVDA,NVIDIA CORP,USD,1,1045810,A
119314,20161231,2016,INDL,C,D,STD,BKNG,BOOKING HOLDINGS INC,USD,12,1075531,A
119314,20171231,2017,INDL,C,D,STD,BKNG,BOOKING HOLDINGS INC,USD,12,1075531,A
119314,20181231,2018,INDL,C,D,STD,BKNG,BOOKING HOLDINGS INC,USD,12,1075531,A
119314,20191231,2019,INDL,C,D,STD,BKNG,BOOKING HOLDINGS INC,USD,12,1075531,A
119314,20201231,2020,INDL,C,D,STD,BKNG,BOOKING HOLDINGS INC,USD,12,1075531,A
119314,20211231,2021,INDL,C,D,STD,BKNG,BOOKING HOLDINGS INC,USD,12,1075531,A
124434,20161231,2016,FS,C,D,STD,BLK,BLACKROCK INC,USD,12,1364742,A
124434,20161231,2016,INDL,C,D,STD,BLK,BLACKROCK INC,USD,12,1364742,A
124434,20171231,2017,FS,C,D,STD,BLK,BLACKROCK INC,USD,12,1364742,A
124434,20171231,2017,INDL,C,D,STD,BLK,BLACKROCK INC,USD,12,1364742,A
124434,20181231,2018,FS,C,D,STD,BLK,BLACKROCK INC,USD,12,1364742,A
124434,20181231,2018,INDL,C,D,STD,BLK,BLACKROCK INC,USD,12,1364742,A
124434,20191231,2019,FS,C,D,STD,BLK,BLACKROCK INC,USD,12,1364742,A
124434,20191231,2019,INDL,C,D,STD,BLK,BLACKROCK INC,USD,12,1364742,A
124434,20201231,2020,FS,C,D,STD,BLK,BLACKROCK INC,USD,12,1364742,A
124434,20201231,2020,INDL,C,D,STD,BLK,BLACKROCK INC,USD,12,1364742,A
124434,20211231,2021,FS,C,D,STD,BLK,BLACKROCK INC,USD,12,1364742,A
124434,20211231,2021,INDL,C,D,STD,BLK,BLACKROCK INC,USD,12,1364742,A
126136,20161231,2016,INDL,C,D,STD,CHTR,CHARTER COMMUNICATIONS INC,USD,12,1091667,A
126136,20171231,2017,INDL,C,D,STD,CHTR,CHARTER COMMUNICATIONS INC,USD,12,1091667,A
126136,20181231,2018,INDL,C,D,STD,CHTR,CHARTER COMMUNICATIONS INC,USD,12,1091667,A
126136,20191231,2019,INDL,C,D,STD,CHTR,CHARTER COMMUNICATIONS INC,USD,12,1091667,A
126136,20201231,2020,INDL,C,D,STD,CHTR,CHARTER COMMUNICATIONS INC,USD,12,1091667,A
126136,20211231,2021,INDL,C,D,STD,CHTR,CHARTER COMMUNICATIONS INC,USD,12,1091667,A
133768,20161231,2016,FS,C,D,STD,MET,METLIFE INC,USD,12,1099219,A
133768,20161231,2016,INDL,C,D,STD,MET,METLIFE INC,USD,12,1099219,A
133768,20171231,2017,FS,C,D,STD,MET,METLIFE INC,USD,12,1099219,A
133768,20171231,2017,INDL,C,D,STD,MET,METLIFE INC,USD,12,1099219,A
133768,20181231,2018,FS,C,D,STD,MET,METLIFE INC,USD,12,1099219,A
133768,20181231,2018,INDL,C,D,STD,MET,METLIFE INC,USD,12,1099219,A
133768,20191231,2019,FS,C,D,STD,MET,METLIFE INC,USD,12,1099219,A
133768,20191231,2019,INDL,C,D,STD,MET,METLIFE INC,USD,12,1099219,A
133768,20201231,2020,FS,C,D,STD,MET,METLIFE INC,USD,12,1099219,A
133768,20201231,2020,INDL,C,D,STD,MET,METLIFE INC,USD,12,1099219,A
133768,20211231,2021,FS,C,D,STD,MET,METLIFE INC,USD,12,1099219,A
133768,20211231,2021,INDL,C,D,STD,MET,METLIFE INC,USD,12,1099219,A
142953,20161231,2016,INDL,C,D,STD,MDLZ,MONDELEZ INTERNATIONAL INC,USD,12,1103982,A
142953,20171231,2017,INDL,C,D,STD,MDLZ,MONDELEZ INTERNATIONAL INC,USD,12,1103982,A
142953,20181231,2018,INDL,C,D,STD,MDLZ,MONDELEZ INTERNATIONAL INC,USD,12,1103982,A
142953,20191231,2019,INDL,C,D,STD,MDLZ,MONDELEZ INTERNATIONAL INC,USD,12,1103982,A
142953,20201231,2020,INDL,C,D,STD,MDLZ,MONDELEZ INTERNATIONAL INC,USD,12,1103982,A
142953,20211231,2021,INDL,C,D,STD,MDLZ,MONDELEZ INTERNATIONAL INC,USD,12,1103982,A
143357,20160831,2016,INDL,C,D,STD,ACN,ACCENTURE PLC,USD,8,1467373,A
143357,20170831,2017,INDL,C,D,STD,ACN,ACCENTURE PLC,USD,8,1467373,A
143357,20180831,2018,INDL,C,D,STD,ACN,ACCENTURE PLC,USD,8,1467373,A
143357,20190831,2019,INDL,C,D,STD,ACN,ACCENTURE PLC,USD,8,1467373,A
143357,20200831,2020,INDL,C,D,STD,ACN,ACCENTURE PLC,USD,8,1467373,A
143357,20210831,2021,INDL,C,D,STD,ACN,ACCENTURE PLC,USD,8,1467373,A
143357,20220831,2022,INDL,C,D,STD,ACN,ACCENTURE PLC,USD,8,1467373,A
147579,20161231,2016,INDL,C,D,STD,NFLX,NETFLIX INC,USD,12,1065280,A
147579,20171231,2017,INDL,C,D,STD,NFLX,NETFLIX INC,USD,12,1065280,A
147579,20181231,2018,INDL,C,D,STD,NFLX,NETFLIX INC,USD,12,1065280,A
147579,20191231,2019,INDL,C,D,STD,NFLX,NETFLIX INC,USD,12,1065280,A
147579,20201231,2020,INDL,C,D,STD,NFLX,NETFLIX INC,USD,12,1065280,A
147579,20211231,2021,INDL,C,D,STD,NFLX,NETFLIX INC,USD,12,1065280,A
157855,20160131,2015,INDL,C,D,STD,CRM,SALESFORCE INC,USD,1,1108524,A
157855,20170131,2016,INDL,C,D,STD,CRM,SALESFORCE INC,USD,1,1108524,A
157855,20180131,2017,INDL,C,D,STD,CRM,SALESFORCE INC,USD,1,1108524,A
157855,20190131,2018,INDL,C,D,STD,CRM,SALESFORCE INC,USD,1,1108524,A
157855,20200131,2019,INDL,C,D,STD,CRM,SALESFORCE INC,USD,1,1108524,A
157855,20210131,2020,INDL,C,D,STD,CRM,SALESFORCE INC,USD,1,1108524,A
157855,20220131,2021,INDL,C,D,STD,CRM,SALESFORCE INC,USD,1,1108524,A
160225,20161231,2016,FS,C,D,STD,MA,MASTERCARD INC,USD,12,1141391,A
160225,20161231,2016,INDL,C,D,STD,MA,MASTERCARD INC,USD,12,1141391,A
160225,20171231,2017,FS,C,D,STD,MA,MASTERCARD INC,USD,12,1141391,A
160225,20171231,2017,INDL,C,D,STD,MA,MASTERCARD INC,USD,12,1141391,A
160225,20181231,2018,FS,C,D,STD,MA,MASTERCARD INC,USD,12,1141391,A
160225,20181231,2018,INDL,C,D,STD,MA,MASTERCARD INC,USD,12,1141391,A
160225,20191231,2019,FS,C,D,STD,MA,MASTERCARD INC,USD,12,1141391,A
160225,20191231,2019,INDL,C,D,STD,MA,MASTERCARD INC,USD,12,1141391,A
160225,20201231,2020,FS,C,D,STD,MA,MASTERCARD INC,USD,12,1141391,A
160225,20201231,2020,INDL,C,D,STD,MA,MASTERCARD INC,USD,12,1141391,A
160225,20211231,2021,FS,C,D,STD,MA,MASTERCARD INC,USD,12,1141391,A
160225,20211231,2021,INDL,C,D,STD,MA,MASTERCARD INC,USD,12,1141391,A
160329,20161231,2016,INDL,C,D,STD,GOOGL,ALPHABET INC,USD,12,1652044,A
160329,20171231,2017,INDL,C,D,STD,GOOGL,ALPHABET INC,USD,12,1652044,A
160329,20181231,2018,INDL,C,D,STD,GOOGL,ALPHABET INC,USD,12,1652044,A
160329,20191231,2019,INDL,C,D,STD,GOOGL,ALPHABET INC,USD,12,1652044,A
160329,20201231,2020,INDL,C,D,STD,GOOGL,ALPHABET INC,USD,12,1652044,A
160329,20211231,2021,INDL,C,D,STD,GOOGL,ALPHABET INC,USD,12,1652044,A
170617,20161231,2016,INDL,C,D,STD,META,META PLATFORMS INC,USD,12,1326801,A
170617,20171231,2017,INDL,C,D,STD,META,META PLATFORMS INC,USD,12,1326801,A
170617,20181231,2018,INDL,C,D,STD,META,META PLATFORMS INC,USD,12,1326801,A
170617,20191231,2019,INDL,C,D,STD,META,META PLATFORMS INC,USD,12,1326801,A
170617,20201231,2020,INDL,C,D,STD,META,META PLATFORMS INC,USD,12,1326801,A
170617,20211231,2021,INDL,C,D,STD,META,META PLATFORMS INC,USD,12,1326801,A
179534,20160930,2016,FS,C,D,STD,V,VISA INC,USD,9,1403161,A
179534,20160930,2016,INDL,C,D,STD,V,VISA INC,USD,9,1403161,A
179534,20170930,2017,FS,C,D,STD,V,VISA INC,USD,9,1403161,A
179534,20170930,2017,INDL,C,D,STD,V,VISA INC,USD,9,1403161,A
179534,20180930,2018,FS,C,D,STD,V,VISA INC,USD,9,1403161,A
179534,20180930,2018,INDL,C,D,STD,V,VISA INC,USD,9,1403161,A
179534,20190930,2019,FS,C,D,STD,V,VISA INC,USD,9,1403161,A
179534,20190930,2019,INDL,C,D,STD,V,VISA INC,USD,9,1403161,A
179534,20200930,2020,FS,C,D,STD,V,VISA INC,USD,9,1403161,A
179534,20200930,2020,INDL,C,D,STD,V,VISA INC,USD,9,1403161,A
179534,20210930,2021,FS,C,D,STD,V,VISA INC,USD,9,1403161,A
179534,20210930,2021,INDL,C,D,STD,V,VISA INC,USD,9,1403161,A
179534,20220930,2022,FS,C,D,STD,V,VISA INC,USD,9,1403161,A
179534,20220930,2022,INDL,C,D,STD,V,VISA INC,USD,9,1403161,A
179621,20161231,2016,INDL,C,D,STD,PM,PHILIP MORRIS INTERNATIONAL,USD,12,1413329,A
179621,20171231,2017,INDL,C,D,STD,PM,PHILIP MORRIS INTERNATIONAL,USD,12,1413329,A
179621,20181231,2018,INDL,C,D,STD,PM,PHILIP MORRIS INTERNATIONAL,USD,12,1413329,A
179621,20191231,2019,INDL,C,D,STD,PM,PHILIP MORRIS INTERNATIONAL,USD,12,1413329,A
179621,20201231,2020,INDL,C,D,STD,PM,PHILIP MORRIS INTERNATIONAL,USD,12,1413329,A
179621,20211231,2021,INDL,C,D,STD,PM,PHILIP MORRIS INTERNATIONAL,USD,12,1413329,A
184996,20161231,2016,INDL,C,D,STD,TSLA,TESLA INC,USD,12,1318605,A
184996,20171231,2017,INDL,C,D,STD,TSLA,TESLA INC,USD,12,1318605,A
184996,20181231,2018,INDL,C,D,STD,TSLA,TESLA INC,USD,12,1318605,A
184996,20191231,2019,INDL,C,D,STD,TSLA,TESLA INC,USD,12,1318605,A
184996,20201231,2020,INDL,C,D,STD,TSLA,TESLA INC,USD,12,1318605,A
184996,20211231,2021,INDL,C,D,STD,TSLA,TESLA INC,USD,12,1318605,A
